{
  "_fv": 28,
  "_type": "recipe",
  "definition": {
    "recipeType": "Crafting",
    "xpReward": 0.0,
    "cookingTime": 200,
    "recipeRetstackSize": 3,
    "group": "",
    "recipeShapeless": false,
    "recipeSlots": [
      {
        "value": ""
      },
      {
        "value": ""
      },
      {
        "value": ""
      },
      {
        "value": "CUSTOM:RosePlanks"
      },
      {
        "value": "TAG:aether:skyroot_stick"
      },
      {
        "value": "CUSTOM:RosePlanks"
      },
      {
        "value": "CUSTOM:RosePlanks"
      },
      {
        "value": "TAG:aether:skyroot_stick"
      },
      {
        "value": "CUSTOM:RosePlanks"
      }
    ],
    "recipeReturnStack": {
      "value": "CUSTOM:RoseFence"
    },
    "name": "rose_fence_recipe",
    "namespace": "mod"
  }
}